sample,chla_corrected,chla_log10
Control,0.228335325,-0.641426896
Control,0.243853259,-0.612871435
Control,0.237202716,-0.624880343
Control,0.138331303,-0.859079531
PO4,0.11638451,-0.934104817
PO4,0.175130977,-0.756637029
PO4,0.312929223,-0.504553878
NO3,0.217251086,-0.663038045
NO3,0.26380489,-0.578717159
NO3,0.30370815,-0.517543553
NO3,0.219467933,-0.658628926
N+P,0.270455433,-0.56790429
N+P,0.299274455,-0.523930352
N+P,0.380767027,-0.419340667
N+P,0.30370815,-0.517543553
