sample,chla,chla_log10
Control,0.765910686,-0.115821871
Control,0.352478802,-0.452866996
Control,0.805300379,-0.094042097
Control,2.144549922,0.33133616
PO4,0.21281739,-0.671992887
PO4,0.323870805,-0.4896282
PO4,0.908151243,-0.041841819
PO4,0.6061636,-0.217410146
NO3,3.917086082,0.592963116
NO3,3.260591208,0.513296353
NO3,2.822927959,0.450699795
NO3,1.170749192,0.068463867
N+P,2.100783597,0.322381318
N+P,2.822927959,0.450699795
N+P,1.385204184,0.141513795
N+P,1.663120348,0.220923677
