sample,chla_corrected,chla_log10
Control,0.343565651,-0.463990263
Control,0.490182839,-0.309641897
Control,0.487994523,-0.311585052
Control,0.496747788,-0.303864058
PO4,0.210600542,-0.676540515
PO4,0.219467933,-0.658628926
PO4,0.177347825,-0.751174134
PO4,0.30370815,-0.517543553
NO3,2.253965735,0.352947309
NO3,2.538446847,0.404568074
NO3,1.814114169,0.258664615
N+P,0.846878388,-0.07217895
N+P,1.411463979,0.149669799
N+P,1.317366381,0.119706576
